canonical_name,alias,is_primary
Abby Paffrath,Abby Paffrath,true
Abel,Abel,true
ABI,ABI,true
Adamsbuilt,Adamsbuilt,true
Airflo,Airflo,true
Alpine,Alpine,true
Alpine Innovations,Alpine Innovations,true
amazon,amazon,true
American Adventures Association,American Adventures Association,true
Anchor Beads,Anchor Beads,true
Angler Sport Group,Angler Sport Group,true
Angler's Book Supply,Angler's Book Supply,true
Arcade Belts,Arcade Belts,true
Arcade Belts,Arcade,false
Arcade Belts,arcade belts inc,false
Atollas,Atollas,true
Bajio,Bajio,true
Bajio,bajio inc,false
Bajio,bajio sunglasses b2b,false
Barry Ord Clarke,Barry Ord Clarke,true
BC Fishing,BC Fishing,true
Brandon Thomas,Brandon Thomas,true
Broder,Broder,true
Broder,broder fly fishing,false
Built Bars,Built Bars,true
C&F Design,C&F Design,true
Caddis Sports,Caddis Sports,true
Caddis Sports,Alpine Mountain Gear,false
Caddis Sports,Blue Coolers,false
Caddis Sports,Caddis,false
Caddis Sports,CaddisWorks,false
Caddis Sports,"CaddisWorks, LLC",false
Caddis Sports,Mountain Summit Gear,false
Captuer,Captuer,true
Celtic Blob Company,Celtic Blob Company,true
Cheeky,Cheeky,true
Chums,Chums,true
Clear Creek,Clear Creek,true
CliC,CliC,true
CliC,clic readers wholesale,false
Cling,Cling,true
Cling,"cling fishing products, llc",false
Coal,Coal,true
Cortland,Cortland,true
Cortland,cortland line,false
Daiichi,Daiichi,true
Daiichi,ranger outdoors llc,false
Dave Scadden,Dave Scadden,true
David Butler,David Butler,true
Deadfly,Deadfly,true
Devin Olsen,Devin Olsen,true
Diamondback,Diamondback,true
Diamondback,diamondback fly rods,false
Douglas,Douglas,true
Dr. Slick,Dr. Slick,true
Dr. Slick,dr. slick company,false
Duck Camp,Duck Camp,true
Dyna-King,Dyna-King,true
Edward Houstman,Edward Houstman,true
Farlows,Farlows,true
Firehole,Firehole,true
Firehole,firehole outdoors,false
Fishpond,Fishpond,true
Fishpond,fishpond inc,false
Fishpond,fishpond usa,false
FishRubbers,FishRubbers,true
Fishtechy,Fishtechy,true
Fiskars,Fiskars,true
FLASH,FLASH,true
Flies - Vendors,Flies - Vendors,true
fly banjo,fly banjo,true
Fly Fish Food,Fly Fish Food,true
Fly Fish Food Custom,Fly Fish Food Custom,true
Flymakers,Flymakers,true
Flyvines,Flyvines,true
Flywaxx,Flywaxx,true
Fresh Fins,Fresh Fins,true
Fulling Mill,Fulling Mill,true
Fulling Mill,fulling mill fly fishing llc,false
Fulling Mill,fulling mill llc,false
Fulling Mill,"fulling mill, llc",false
Fulling Mill,fullingmill,false
Fulling Mill UK,Fulling Mill UK,true
G-Loomis,G-Loomis,true
Gaga Flies,Gaga Flies,true
Galvan,Galvan,true
Gamakatsu,Gamakatsu,true
Garmin,Garmin,true
Glacier Glove,Glacier Glove,true
GoPro,GoPro,true
GRAPLRZ,GRAPLRZ,true
Griffin,Griffin,true
Grunden's,Grunden's,true
Grunden's,grundens,false
Grunden's,grundéns,false
Grunden's,"grundens usa, ltd",false
Hammerhead Industries,Hammerhead Industries,true
Hammerhead Industries,hammerhead,false
Hammerhead Industries,hammerhead industries inc.,false
Hammerhead Industries,"hammerhead industries, inc.",false
Hardy,Hardy,true
Hareline,Hareline,true
Hareline,hareline dubbin,false
Hareline,hareline dubbin llc,false
Hareline,"hareline dubbin, llc.",false
Hatch,Hatch,true
Hatch-It,Hatch-It,true
Hatch-It,hatch,false
Hatch-It,hatch outdoors,false
Hex Fly Co,Hex Fly Co,true
holladay,holladay,true
Howler Brothers,Howler Brothers,true
JB,JB,true
John Rohmer,John Rohmer,true
Kiley,Kiley,true
Korkers,Korkers,true
Korkers,"korkers products, llc",false
L2 Brands,L2 Brands,true
L2 Brands,l2 brands llc,false
L2 Brands,"l2 brands, llc",false
Lamson,Lamson,true
Lamson,waterworks lamson,false
Lamson,waterworks-lamson,false
Lance Egan,Lance Egan,true
law vise,law vise,true
LED Factory,LED Factory,true
LidRig,LidRig,true
Line Cutterz,Line Cutterz,true
Loon,Loon,true
Loon,loon outdoors,false
Loon,loon outdoors dealers,false
Maxxon Outfitters,Maxxon Outfitters,true
Maxxon Outfitters,maxxon fly,false
MFC,MFC,true
MFC,mfc fly fishing,false
MFC,montana fly company,false
Miss Mayfly,Miss Mayfly,true
Moonlit,Moonlit,true
Nature's Spirit,Nature's Spirit,true
Nature's Spirit,nature s spirit,false
Nature's Spirit,"nature's spirit, llc",false
Nature's Spirit,natures spirit,false
Nature's Spirit,natures spirit inc,false
New Phase,New Phase,true
New Phase,south fork distributors,false
New Phase,south fork distributors/ new phase inc,false
NRS,NRS,true
Oros,Oros,true
Orvis,Orvis,true
Orvis,orvis b2b,false
Outcast,Outcast,true
Outcast,aire,false
Pablo,Pablo,true
Paradise Valley,Paradise Valley,true
Partridge,Partridge,true
Pat Dorsey,Pat Dorsey,true
Patagonia,Patagonia,true
Patagonia,"patagonia, inc.",false
Peak,Peak,true
Peak Refuel,Peak Refuel,true
Peak Refuel,"grizzly ridge capital, llc",false
Pescador,Pescador,true
Phil Rowley,Phil Rowley,true
Plano,Plano,true
Poncho,Poncho,true
Poncho,poncho outdoors,false
Pro Bands,Pro Bands,true
pro sportfisher,pro sportfisher,true
Pure Fishing,Pure Fishing,true
Pure Fishing,pure fishing na b2b,false
Rainy's,Rainy's,true
Rajeff Sports,Rajeff Sports,true
Rajeff Sports,echo fly fishing,false
Rajeff Sports,rajeff,false
Rajeff Sports,"rajeff sports, llc",false
Rambler Co.,Rambler Co.,true
re:do,re:do,true
Redington,Redington,true
Reference Ready,Reference Ready,true
Regal,Regal,true
Renomed USA,Renomed USA,true
Renzetti,Renzetti,true
Renzetti,renzetti inc,false
Renzetti,renzetti llc,false
Renzetti,"renzetti, inc.",false
Rep Your Water,Rep Your Water,true
Rep Your Water,"north point brands, llc",false
Restorline,Restorline,true
Richardson,Richardson,true
Rio,Rio,true
Rise.ai,Rise.ai,true
Rising,Rising,true
Riversmith,Riversmith,true
Rock Bottom,Rock Bottom,true
Rock Treads,Rock Treads,true
Rocky Mountain,Rocky Mountain,true
Ross Reels,Ross Reels,true
Route,Route,true
Rustico,Rustico,true
Sage,Sage,true
Scientific Anglers,Scientific Anglers,true
Scientific Anglers,scientific anglers llc,false
Scott,Scott,true
Sealskinz,Sealskinz,true
Semperfli,Semperfli,true
Semperfli,trout slayer distribution,false
Sight Line Provisions,Sight Line Provisions,true
Simms,Simms,true
Simms,simms fishing,false
Simms,simms fishing products,false
Simms,simms fishing products llc,false
Simms,"simms fishing products, llc.",false
Simms,simms.,false
Sitka,Sitka,true
Skafars,Skafars,true
Skwala,Skwala,true
Skwala,skwala fishing,false
Skwala,skwala outdoors,false
Smith,Smith,true
Smith,smith optics,false
Smith,smith sport optics inc.,false
Soho,Soho,true
Solitude,Solitude,true
Solitude,solitude flies,false
Solitude,solitude fly company,false
Spirit River,Spirit River,true
Squimpish Flies,Squimpish Flies,true
St. Croix,St. Croix,true
St. Croix,"st. croix of park falls, ltd",false
St. Croix,st.croix,false
StealthGearUSA,StealthGearUSA,true
Stick Tite,Stick Tite,true
Streamline,Streamline,true
streamworks,streamworks,true
Sulky,Sulky,true
Sulky,"sulky of america, inc.",false
Suncloud,Suncloud,true
Surface,Surface,true
Swiss CDC,Swiss CDC,true
Tacky,Tacky,true
Tactical Fly Fisher,Tactical Fly Fisher,true
Temple Fork Outfitters,Temple Fork Outfitters,true
Temple Fork Outfitters,temple fork,false
Temple Fork Outfitters,temple fork outfitters (tfo),false
Temple Fork Outfitters,temple fork outfitters inc,false
Temple Fork Outfitters,tfo,false
Textreme,Textreme,true
The Drake,The Drake,true
Thomas & Thomas,Thomas & Thomas,true
Thomas Gagnon,Thomas Gagnon,true
Thomas Gagnon,gagnon's flies,false
Thomas Gagnon,thomas gagnon fly fishing,false
Thread Wallets,Thread Wallets,true
Tibor,Tibor,true
Tornado,Tornado,true
Trout Mount,Trout Mount,true
Trout Mount,trout mount llc,false
TroutHunter,TroutHunter,true
TroutHunter,trouthunter products,false
Trxstle,Trxstle,true
Turtlebox,Turtlebox,true
Umpqua,Umpqua,true
Umpqua,umpqua feather,false
Umpqua,umpqua feather merchants,false
Umpqua Consignment,Umpqua Consignment,true
Upavon,Upavon,true
Varner's,Varner's,true
vendor-unknown,vendor-unknown,true
Virtue,Virtue,true
Wapsi,Wapsi,true
Wapsi,wapsi fly,false
Wapsi,wapsi fly inc,false
Wapsi,"wapsi fly, inc.",false
Wayward Trading Post,Wayward Trading Post,true
Wes Ashcraft,Wes Ashcraft,true
Whiting,Whiting,true
Whiting,whiting farms,false
Whiting,whiting farms inc,false
WhitingOLD,WhitingOLD,true
Wild Fly,Wild Fly,true
Winston/Bauer,Winston/Bauer,true
Winston/Bauer,rl winston rod,false
Wolff,Wolff,true
Yellowstone Fly Goods,Yellowstone Fly Goods,true
